region_name,state,year,arrests,population,arrest_popu
West,AK,2000,21354,626932,0.034061
West,AK,2001,20267,634892,0.031922
West,AK,2002,19818,643893,0.030778
West,AK,2003,22746,648921,0.035052
West,AK,2004,21027,655932,0.032057
West,AK,2005,22266,664150,0.033526
West,AK,2006,21863,670527,0.032606
West,AK,2007,22927,683918,0.033523
West,AK,2008,23074,686732,0.0336
West,AK,2009,25193,698901,0.036047
West,AK,2010,26013,711456,0.036563
West,AK,2011,24738,725910,0.034079
West,AK,2012,18316,735190,0.024913
West,AK,2013,18876,739005,0.025542
West,AK,2014,15475,740644,0.020894
West,AK,2015,18379,743350,0.024725
West,AK,2016,18123,747188,0.024255
West,AK,2017,18421,744849,0.024731
West,AK,2018,19551,742552,0.026329
South,AL,2000,105172,4488050,0.023434
South,AL,2001,112383,4502059,0.024963
South,AL,2002,123707,4516995,0.027387
South,AL,2003,128910,4531274,0.028449
South,AL,2004,129373,4550680,0.028429
South,AL,2005,110115,4575157,0.024068
South,AL,2006,99804,4616525,0.021619
South,AL,2007,122305,4646319,0.026323
South,AL,2008,130248,4684189,0.027806
South,AL,2009,118120,4732747,0.024958
South,AL,2010,85352,4792630,0.017809
South,AL,2011,1676,4815348,0.000348
South,AL,2012,1597,4834334,0.00033
South,AL,2013,1807,4845981,0.000373
South,AL,2014,2480,4861676,0.00051
South,AL,2015,85453,4883134,0.0175
South,AL,2016,88350,4885591,0.018084
South,AL,2017,77342,4894285,0.015803
South,AL,2018,76309,4906885,0.015551
South,AR,2000,124856,2902270,0.04302
South,AR,2001,109570,3075959,0.035621
South,AR,2002,83854,3211957,0.026107
South,AR,2003,90170,3593973,0.025089
South,AR,2004,95911,3214060,0.029841
South,AR,2005,103396,3279873,0.031524
South,AR,2006,102136,3274403,0.031192
South,AR,2007,69928,3218201,0.021729
South,AR,2008,88688,3002258,0.02954
South,AR,2009,87313,2977838,0.029321
South,AR,2010,80617,3034697,0.026565
South,AR,2011,77941,3020076,0.025808
South,AR,2012,79201,3082595,0.025693
South,AR,2013,73160,3109825,0.023525
South,AR,2014,66816,3142848,0.02126
South,AR,2015,71651,3158605,0.022684
South,AR,2016,74288,3098083,0.023979
South,AR,2017,71449,3021597,0.023646
South,AR,2018,75950,3031153,0.025056
West,AZ,2000,207481,5142271,0.040348
West,AZ,2001,214785,5356370,0.040099
West,AZ,2002,220432,5502666,0.040059
West,AZ,2003,223087,5637404,0.039573
West,AZ,2004,232119,5995349,0.038717
West,AZ,2005,222729,6208207,0.035877
West,AZ,2006,228189,6425124,0.035515
West,AZ,2007,238411,6558098,0.036354
West,AZ,2008,248799,6733608,0.036949
West,AZ,2009,245037,6609085,0.037076
West,AZ,2010,219409,6404623,0.034258
West,AZ,2011,210903,6505261,0.03242
West,AZ,2012,200009,6669918,0.029987
West,AZ,2013,203930,6646289,0.030683
West,AZ,2014,192180,6753058,0.028458
West,AZ,2015,170440,6851271,0.024877
West,AZ,2016,199277,6951468,0.028667
West,AZ,2017,209542,7037119,0.029777
West,AZ,2018,190508,7192613,0.026487
West,CA,2000,1116456,33974269,0.032862
West,CA,2001,1114899,34608064,0.032215
West,CA,2002,1114495,35222901,0.031641
West,CA,2003,1148342,35592667,0.032263
West,CA,2004,1106368,36003471,0.030729
West,CA,2005,1169692,36243236,0.032273
West,CA,2006,1195801,36572532,0.032697
West,CA,2007,1190528,36672767,0.032464
West,CA,2008,1189234,36876276,0.032249
West,CA,2009,1125356,37061435,0.030365
West,CA,2010,1071098,37346022,0.02868
West,CA,2011,877549,37819249,0.023204
West,CA,2012,944487,38183375,0.024736
West,CA,2013,920261,38498377,0.023904
West,CA,2014,920942,38970399,0.023632
West,CA,2015,863218,39315550,0.021956
West,CA,2016,836838,39421283,0.021228
West,CA,2017,810965,39713887,0.02042
West,CA,2018,802521,39735951,0.020196
West,CO,2000,160264,4739066,0.033818
West,CO,2001,165471,4946322,0.033453
West,CO,2002,155365,4648662,0.033421
West,CO,2003,147612,4703735,0.031382
West,CO,2004,160958,4827183,0.033344
West,CO,2005,159844,4760547,0.033577
West,CO,2006,154958,4861001,0.031878
West,CO,2007,152398,5025127,0.030327
West,CO,2008,151926,5189787,0.029274
West,CO,2009,144552,5228857,0.027645
West,CO,2010,140580,5299292,0.026528
West,CO,2011,139041,5490450,0.025324
West,CO,2012,131405,5321522,0.024693
West,CO,2013,134419,5371354,0.025025
West,CO,2014,139097,5492445,0.025325
West,CO,2015,138717,5614411,0.024707
West,CO,2016,135609,5699669,0.023792
West,CO,2017,136072,5665626,0.024017
West,CO,2018,130545,5756844,0.022676
Northeast,CT,2000,101452,4283356,0.023685
Northeast,CT,2001,127143,4178846,0.030425
Northeast,CT,2002,100998,4211952,0.023979
Northeast,CT,2003,91487,3880135,0.023578
Northeast,CT,2004,101612,3792938,0.02679
Northeast,CT,2005,98155,3792528,0.025881
Northeast,CT,2006,92813,3764006,0.024658
Northeast,CT,2007,94197,3817352,0.024676
Northeast,CT,2008,108301,3640379,0.02975
Northeast,CT,2009,105315,3609641,0.029176
Northeast,CT,2010,102300,3694281,0.027691
Northeast,CT,2011,92956,3672721,0.02531
Northeast,CT,2012,82670,3702874,0.022326
Northeast,CT,2013,70787,3687931,0.019194
Northeast,CT,2014,80109,3772833,0.021233
Northeast,CT,2015,69556,3703110,0.018783
Northeast,CT,2016,79402,3807343,0.020855
Northeast,CT,2017,73604,3645220,0.020192
Northeast,CT,2018,68635,3630004,0.018908
South,DC,2001,2221,571822,0.003884
South,DC,2002,2147,570898,0.003761
South,DC,2003,2736,563384,0.004856
South,DC,2004,2743,553523,0.004956
South,DC,2005,1937,550521,0.003518
South,DC,2006,2427,581530,0.004173
South,DC,2007,2505,588292,0.004258
South,DC,2008,3096,591833,0.005231
South,DC,2009,3096,599657,0.005163
South,DC,2010,3028,601723,0.005032
South,DC,2011,2724,617996,0.004408
South,DC,2012,1739,632323,0.00275
South,DC,2013,1951,646449,0.003018
South,DC,2014,1766,658893,0.00268
South,DC,2015,1882,672228,0.0028
South,DC,2016,2493,681170,0.00366
South,DC,2017,2540,693972,0.00366
South,DC,2018,2282,702455,0.003249
South,DE,2000,35689,806621,0.044245
South,DE,2001,27945,820963,0.034039
South,DE,2002,27402,839193,0.032653
South,DE,2003,29549,843255,0.035042
South,DE,2004,30638,854779,0.035843
South,DE,2005,33181,870075,0.038136
South,DE,2006,35120,881748,0.03983
South,DE,2007,36780,895112,0.04109
South,DE,2008,37166,892606,0.041638
South,DE,2009,36734,905669,0.04056
South,DE,2010,33629,915164,0.036746
South,DE,2011,33300,923759,0.036048
South,DE,2012,34386,934970,0.036778
South,DE,2013,32953,944369,0.034894
South,DE,2014,31693,954220,0.033214
South,DE,2015,29812,962461,0.030975
South,DE,2016,28101,970016,0.02897
South,DE,2017,25562,978771,0.026116
South,DE,2018,23658,984141,0.024039
South,FL,2017,754,21152963,3.6e-05
South,GA,2000,170852,8200086,0.020835
South,GA,2001,170428,8403421,0.020281
South,GA,2002,174371,8593897,0.02029
South,GA,2003,198051,8719493,0.022714
South,GA,2004,150678,8865341,0.016996
South,GA,2005,162291,9111910,0.017811
South,GA,2006,165225,9414191,0.017551
South,GA,2007,240754,9603810,0.025069
South,GA,2008,211148,9742376,0.021673
South,GA,2009,238361,9886620,0.024109
South,GA,2010,246306,9752532,0.025256
South,GA,2011,252932,9880945,0.025598
South,GA,2012,257639,9986384,0.025799
South,GA,2013,232752,10059139,0.023138
South,GA,2014,225116,10166148,0.022144
South,GA,2015,183633,10475611,0.01753
South,GA,2016,195002,10572283,0.018445
South,GA,2017,185062,10694367,0.017305
South,GA,2018,179586,10990513,0.01634
West,HI,2000,27112,1314665,0.020623
West,HI,2001,31124,1328623,0.023426
West,HI,2002,31840,1350867,0.02357
West,HI,2003,30767,1364659,0.022546
West,HI,2004,30743,1370337,0.022435
West,HI,2005,30112,1383742,0.021761
West,HI,2006,29753,1394924,0.021329
West,HI,2007,33411,1392635,0.023991
West,HI,2008,32428,1397856,0.023198
West,HI,2009,32981,1405431,0.023467
West,HI,2010,31070,1479842,0.020995
West,HI,2011,29887,1495625,0.019983
West,HI,2012,30730,1514307,0.020293
West,HI,2013,10031,1527273,0.006568
West,HI,2014,9614,1543705,0.006228
West,HI,2015,27791,1556738,0.017852
West,HI,2016,39370,2424129,0.016241
West,HI,2017,23219,1427538,0.016265
West,HI,2018,15066,1420491,0.010606
Midwest,IA,2000,86891,3153624,0.027553
Midwest,IA,2001,74117,3199087,0.023168
Midwest,IA,2002,87312,3146200,0.027752
Midwest,IA,2003,87885,3193360,0.027521
Midwest,IA,2004,86714,3147746,0.027548
Midwest,IA,2005,89647,3162663,0.028345
Midwest,IA,2006,90714,3173941,0.028581
Midwest,IA,2007,89724,3189662,0.02813
Midwest,IA,2008,88653,3170469,0.027962
Midwest,IA,2009,86462,3205435,0.026974
Midwest,IA,2010,84857,3235788,0.026225
Midwest,IA,2011,83715,3179378,0.026331
Midwest,IA,2012,79304,3245233,0.024437
Midwest,IA,2013,77336,3244635,0.023835
Midwest,IA,2014,76989,3311006,0.023252
Midwest,IA,2015,70943,3354213,0.02115
Midwest,IA,2016,68860,3318993,0.020747
Midwest,IA,2017,68325,3262185,0.020945
Midwest,IA,2018,37758,3412949,0.011063
West,ID,2000,49231,1335701,0.036858
West,ID,2001,47730,1363532,0.035005
West,ID,2002,46790,1386037,0.033758
West,ID,2003,47746,1412529,0.033802
West,ID,2004,46792,1440470,0.032484
West,ID,2005,44545,1533254,0.029053
West,ID,2006,47523,1523566,0.031192
West,ID,2007,49730,1550280,0.032078
West,ID,2008,49708,1575635,0.031548
West,ID,2009,48772,1606258,0.030364
West,ID,2010,45760,1667541,0.027442
West,ID,2011,45094,1650055,0.027329
West,ID,2012,42283,1657731,0.025507
West,ID,2013,39679,1673884,0.023705
West,ID,2014,37517,1692343,0.022169
West,ID,2015,38122,1719351,0.022172
West,ID,2016,36819,1741411,0.021143
West,ID,2017,39057,1785558,0.021874
West,ID,2018,39205,1819181,0.021551
Midwest,IL,2000,212549,12649892,0.016802
Midwest,IL,2001,189498,12709255,0.01491
Midwest,IL,2002,175778,12671130,0.013872
Midwest,IL,2003,172788,12871302,0.013424
Midwest,IL,2004,172908,12932050,0.013371
Midwest,IL,2005,168060,12979219,0.012948
Midwest,IL,2006,169065,12903652,0.013102
Midwest,IL,2007,164940,12923835,0.012762
Midwest,IL,2008,147333,12973710,0.011356
Midwest,IL,2009,135160,12965589,0.010425
Midwest,IL,2010,125790,12888247,0.00976
Midwest,IL,2011,114549,12923112,0.008864
Midwest,IL,2012,108458,12934012,0.008385
Midwest,IL,2013,103279,12940590,0.007981
Midwest,IL,2014,89327,12938060,0.006904
Midwest,IL,2015,75366,12920809,0.005833
Midwest,IL,2016,56694,12857245,0.004409
Midwest,IL,2017,52722,12871297,0.004096
Midwest,IL,2018,72730,12810199,0.005678
Midwest,IN,2000,138861,6096020,0.022779
Midwest,IN,2001,145867,6130368,0.023794
Midwest,IN,2002,145373,6174803,0.023543
Midwest,IN,2003,151428,6214751,0.024366
Midwest,IN,2004,154787,6256746,0.024739
Midwest,IN,2005,166218,6284182,0.02645
Midwest,IN,2006,128168,6325730,0.020261
Midwest,IN,2007,158336,6357333,0.024906
Midwest,IN,2008,174409,6388695,0.0273
Midwest,IN,2009,163548,6434990,0.025415
Midwest,IN,2010,111416,6494899,0.017154
Midwest,IN,2011,150377,6528075,0.023035
Midwest,IN,2012,118081,6548541,0.018032
Midwest,IN,2013,400519,6582010,0.060851
Midwest,IN,2014,102854,6607982,0.015565
Midwest,IN,2015,101819,6756198,0.01507
Midwest,IN,2016,100970,6905471,0.014622
Midwest,IN,2017,93660,6835640,0.013702
Midwest,IN,2018,95505,7066463,0.013515
Midwest,KS,2000,52205,3484576,0.014982
Midwest,KS,2001,54743,3290731,0.016636
Midwest,KS,2002,53129,2998938,0.017716
Midwest,KS,2003,59862,3248805,0.018426
Midwest,KS,2004,62353,2985539,0.020885
Midwest,KS,2005,56244,2961022,0.018995
Midwest,KS,2006,56153,3049023,0.018417
Midwest,KS,2007,60994,3058565,0.019942
Midwest,KS,2008,62259,3072468,0.020264
Midwest,KS,2009,60211,3122911,0.01928
Midwest,KS,2010,61345,3077427,0.019934
Midwest,KS,2011,57427,3072541,0.01869
Midwest,KS,2012,55636,3100218,0.017946
Midwest,KS,2013,51709,3128513,0.016528
Midwest,KS,2014,44485,3252355,0.013678
Midwest,KS,2015,43211,3170425,0.013629
Midwest,KS,2016,40807,3154949,0.012934
Midwest,KS,2017,41165,3101213,0.013274
Midwest,KS,2018,20824,3099536,0.006718
South,KY,2000,16002,4167708,0.00384
South,KY,2001,41746,4387084,0.009516
South,KY,2002,60123,4496702,0.01337
South,KY,2003,29742,4769068,0.006236
South,KY,2004,78345,4855220,0.016136
South,KY,2005,188524,4933532,0.038213
South,KY,2006,77001,5067260,0.015196
South,KY,2007,79626,5361581,0.014851
South,KY,2008,65229,5981446,0.010905
South,KY,2009,150605,5082242,0.029634
South,KY,2010,114614,4748332,0.024138
South,KY,2011,118159,4421541,0.026723
South,KY,2012,119116,4454279,0.026742
South,KY,2013,116911,4432530,0.026376
South,KY,2014,113696,4491063,0.025316
South,KY,2015,109566,4505815,0.024317
South,KY,2016,105423,4480598,0.023529
South,KY,2017,114628,4503900,0.025451
South,KY,2018,113911,4523434,0.025182
South,LA,2000,151513,4522112,0.033505
South,LA,2001,148718,4518855,0.032911
South,LA,2002,147783,4529119,0.03263
South,LA,2003,146101,4545591,0.032141
South,LA,2004,153453,4589482,0.033436
South,LA,2005,125488,4613033,0.027203
South,LA,2006,119688,4380946,0.02732
South,LA,2007,128444,4375963,0.029352
South,LA,2008,106383,4527404,0.023498
South,LA,2009,101317,4709031,0.021515
South,LA,2010,97537,4620930,0.021108
South,LA,2011,94328,4660188,0.020241
South,LA,2012,108319,4781059,0.022656
South,LA,2013,107012,4724918,0.022648
South,LA,2014,86786,4774313,0.018178
South,LA,2015,136067,4823474,0.028209
South,LA,2016,143833,4838099,0.029729
South,LA,2017,113764,4911108,0.023165
South,LA,2018,140214,4724297,0.029679
Northeast,MA,2000,105001,6781415,0.015484
Northeast,MA,2001,113064,6638271,0.017032
Northeast,MA,2002,106614,6888021,0.015478
Northeast,MA,2003,78951,6694614,0.011793
Northeast,MA,2004,84000,6838273,0.012284
Northeast,MA,2005,89132,6618031,0.013468
Northeast,MA,2006,106449,6563640,0.016218
Northeast,MA,2007,120551,6792720,0.017747
Northeast,MA,2008,128988,6621643,0.01948
Northeast,MA,2009,118993,6703667,0.01775
Northeast,MA,2010,117082,6666219,0.017563
Northeast,MA,2011,107702,6682309,0.016117
Northeast,MA,2012,105855,6774799,0.015625
Northeast,MA,2013,100672,6765234,0.014881
Northeast,MA,2014,95312,6882177,0.013849
Northeast,MA,2015,86489,6892139,0.012549
Northeast,MA,2016,87538,6828759,0.012819
Northeast,MA,2017,83379,6872032,0.012133
Northeast,MA,2018,76455,6913325,0.011059
South,MD,2000,188388,5449611,0.034569
South,MD,2001,197169,5530549,0.035651
South,MD,2002,194474,5615508,0.034632
South,MD,2003,202228,5672192,0.035653
South,MD,2004,195373,5726100,0.03412
South,MD,2005,188932,5769032,0.032749
South,MD,2006,189867,5782952,0.032832
South,MD,2007,191455,5788936,0.033073
South,MD,2008,195408,5800551,0.033688
South,MD,2009,182613,5870524,0.031107
South,MD,2010,174820,5949764,0.029383
South,MD,2011,160639,6006169,0.026746
South,MD,2012,155691,6067471,0.02566
South,MD,2013,113462,6114548,0.018556
South,MD,2014,142522,6167060,0.02311
South,MD,2015,113428,6202009,0.018289
South,MD,2016,137318,6213545,0.0221
South,MD,2017,121508,6249375,0.019443
South,MD,2018,134930,6939906,0.019443
Northeast,ME,2000,37615,1314095,0.028624
Northeast,ME,2001,37976,1322818,0.028708
Northeast,ME,2002,37562,1329171,0.02826
Northeast,ME,2003,38446,1360108,0.028267
Northeast,ME,2004,39982,1393265,0.028697
Northeast,ME,2005,34506,1365098,0.025277
Northeast,ME,2006,40654,1452115,0.027996
Northeast,ME,2007,41893,1408460,0.029744
Northeast,ME,2008,36426,1356450,0.026854
Northeast,ME,2009,40279,1385421,0.029073
Northeast,ME,2010,38238,1370677,0.027897
Northeast,ME,2011,37170,1389431,0.026752
Northeast,ME,2012,36438,1377993,0.026443
Northeast,ME,2013,34433,1374487,0.025052
Northeast,ME,2014,32367,1376141,0.02352
Northeast,ME,2015,30619,1375892,0.022254
Northeast,ME,2016,28988,1407114,0.020601
Northeast,ME,2017,26452,1390713,0.01902
Northeast,ME,2018,26510,1393395,0.019025
Midwest,MI,2000,260708,10658627,0.02446
Midwest,MI,2001,254594,10854317,0.023456
Midwest,MI,2002,263063,11141200,0.023612
Midwest,MI,2003,242151,10745970,0.022534
Midwest,MI,2004,221697,10856259,0.020421
Midwest,MI,2005,232564,10679680,0.021776
Midwest,MI,2006,234149,10550455,0.022193
Midwest,MI,2007,219946,10619409,0.020712
Midwest,MI,2008,214872,10532832,0.0204
Midwest,MI,2009,212071,10440856,0.020312
Midwest,MI,2010,205641,10498349,0.019588
Midwest,MI,2011,191799,10553646,0.018174
Midwest,MI,2012,186975,10531134,0.017754
Midwest,MI,2013,176854,10721113,0.016496
Midwest,MI,2014,172120,10514660,0.01637
Midwest,MI,2015,165102,10400716,0.015874
Midwest,MI,2016,172645,10370084,0.016648
Midwest,MI,2017,160718,10418878,0.015426
Midwest,MI,2018,152650,10460399,0.014593
Midwest,MN,2000,205119,4983365,0.041161
Midwest,MN,2001,110897,5038797,0.022009
Midwest,MN,2002,135217,5086860,0.026582
Midwest,MN,2003,124887,5135884,0.024317
Midwest,MN,2004,131337,5217233,0.025174
Midwest,MN,2005,170255,5251641,0.032419
Midwest,MN,2006,159697,5294340,0.030164
Midwest,MN,2007,175915,5332183,0.032991
Midwest,MN,2008,167646,5414468,0.030963
Midwest,MN,2009,159293,5461876,0.029165
Midwest,MN,2010,151145,5507486,0.027444
Midwest,MN,2011,145215,5553912,0.026146
Midwest,MN,2012,153537,5591233,0.02746
Midwest,MN,2013,130564,5648628,0.023114
Midwest,MN,2014,124396,5688135,0.021869
Midwest,MN,2015,125025,5717579,0.021867
Midwest,MN,2016,114628,5910071,0.019395
Midwest,MN,2017,120666,5897552,0.02046
Midwest,MN,2018,115402,5943682,0.019416
Midwest,MO,2000,145040,5666897,0.025594
Midwest,MO,2001,196091,5701710,0.034392
Midwest,MO,2002,221888,5684884,0.039031
Midwest,MO,2003,240979,5732950,0.042034
Midwest,MO,2004,197682,5784134,0.034177
Midwest,MO,2005,240641,5833568,0.041251
Midwest,MO,2006,249816,5895563,0.042374
Midwest,MO,2007,224848,5923626,0.037958
Midwest,MO,2008,231012,5984994,0.038599
Midwest,MO,2009,226013,6125024,0.0369
Midwest,MO,2010,200348,6113051,0.032774
Midwest,MO,2011,197880,6062157,0.032642
Midwest,MO,2012,192655,6064498,0.031768
Midwest,MO,2013,179456,6092552,0.029455
Midwest,MO,2014,166479,6112392,0.027236
Midwest,MO,2015,156862,6136017,0.025564
Midwest,MO,2016,168220,6202634,0.027121
Midwest,MO,2017,159148,6200443,0.025667
Midwest,MO,2018,134839,6208462,0.021719
South,MS,2000,80212,2844765,0.028196
South,MS,2001,68369,2858136,0.023921
South,MS,2002,86500,2871782,0.030121
South,MS,2003,71701,2881281,0.024885
South,MS,2004,88473,2904176,0.030464
South,MS,2005,81205,2943998,0.027583
South,MS,2006,86988,2911756,0.029875
South,MS,2007,62413,2919962,0.021375
South,MS,2008,83442,2961462,0.028176
South,MS,2009,84906,2953221,0.02875
South,MS,2010,71986,2968683,0.024248
South,MS,2011,70134,2979903,0.023536
South,MS,2012,69085,3027267,0.022821
South,MS,2013,53843,3016872,0.017847
South,MS,2014,59636,3036406,0.01964
South,MS,2015,55748,3029478,0.018402
South,MS,2016,55489,3117216,0.017801
South,MS,2017,56771,3101936,0.018302
South,MS,2018,43683,3070293,0.014228
West,MT,2000,12245,979214,0.012505
West,MT,2001,14428,976899,0.014769
West,MT,2002,16073,981132,0.016382
West,MT,2003,14025,1040354,0.013481
West,MT,2004,71,1543792,4.6e-05
West,MT,2005,22922,1041243,0.022014
West,MT,2006,18002,1039745,0.017314
West,MT,2007,27308,1033646,0.026419
West,MT,2008,27415,1054400,0.026001
West,MT,2009,27003,1041911,0.025917
West,MT,2010,26184,1076615,0.024321
West,MT,2011,24792,1066348,0.023249
West,MT,2012,26542,1075765,0.024673
West,MT,2013,24422,1105207,0.022097
West,MT,2014,23703,1109996,0.021354
West,MT,2015,23034,1121211,0.020544
West,MT,2016,24487,1109334,0.022074
West,MT,2017,24727,1109109,0.022294
West,MT,2018,22605,1125540,0.020084
South,NC,2000,300900,8084417,0.03722
South,NC,2001,333661,8221148,0.040586
South,NC,2002,322859,8347250,0.038678
South,NC,2003,318426,8433301,0.037758
South,NC,2004,284268,8568209,0.033177
South,NC,2005,308243,8710624,0.035387
South,NC,2006,308424,8889498,0.034695
South,NC,2007,281056,9095201,0.030902
South,NC,2008,295203,9257073,0.031889
South,NC,2009,278046,9421855,0.029511
South,NC,2010,291348,9580821,0.03041
South,NC,2011,347921,9699207,0.035871
South,NC,2012,314898,9794736,0.03215
South,NC,2013,268170,9888625,0.027119
South,NC,2014,255922,9977797,0.025649
South,NC,2015,220080,10074032,0.021846
South,NC,2016,215233,10180571,0.021142
South,NC,2017,197214,10307682,0.019133
South,NC,2018,198761,10469374,0.018985
Midwest,ND,2000,22085,702195,0.031451
Midwest,ND,2001,21804,671376,0.032477
Midwest,ND,2002,19896,661701,0.030068
Midwest,ND,2003,21098,680318,0.031012
Midwest,ND,2004,21193,712103,0.029761
Midwest,ND,2005,22528,696073,0.032364
Midwest,ND,2006,23443,663992,0.035306
Midwest,ND,2007,22514,691072,0.032578
Midwest,ND,2008,22169,693285,0.031977
Midwest,ND,2009,22113,679976,0.03252
Midwest,ND,2010,21704,711859,0.030489
Midwest,ND,2011,21295,724806,0.02938
Midwest,ND,2012,25579,728794,0.035098
Midwest,ND,2013,24973,757656,0.032961
Midwest,ND,2014,24685,788748,0.031296
Midwest,ND,2015,27250,787480,0.034604
Midwest,ND,2016,29756,789335,0.037698
Midwest,ND,2017,28491,781178,0.036472
Midwest,ND,2018,24000,788896,0.030422
Midwest,NE,2000,72917,1814703,0.040181
Midwest,NE,2001,72671,1877174,0.038713
Midwest,NE,2002,75693,1845876,0.041007
Midwest,NE,2003,73431,1885073,0.038954
Midwest,NE,2004,71528,1880911,0.038028
Midwest,NE,2005,71612,1884201,0.038007
Midwest,NE,2006,69256,1886231,0.036717
Midwest,NE,2007,69867,1861162,0.037539
Midwest,NE,2008,73296,1899024,0.038597
Midwest,NE,2009,68562,1949238,0.035174
Midwest,NE,2010,67538,1938201,0.034846
Midwest,NE,2011,66820,1925201,0.034708
Midwest,NE,2012,64088,1960884,0.032683
Midwest,NE,2013,58756,1984267,0.029611
Midwest,NE,2014,59212,2043332,0.028978
Midwest,NE,2015,37869,2039313,0.018569
Midwest,NE,2016,58355,2069704,0.028195
Midwest,NE,2017,22964,2087467,0.011001
Midwest,NE,2018,51204,1998952,0.025615
Northeast,NH,2000,28568,1437358,0.019875
Northeast,NH,2001,29140,1539876,0.018924
Northeast,NH,2002,40309,1688465,0.023873
Northeast,NH,2003,26468,1422953,0.018601
Northeast,NH,2004,31542,1397106,0.022577
Northeast,NH,2005,32798,1430601,0.022926
Northeast,NH,2006,34271,1397440,0.024524
Northeast,NH,2007,30183,1518137,0.019882
Northeast,NH,2008,34112,1391329,0.024518
Northeast,NH,2009,35155,1388894,0.025312
Northeast,NH,2010,34443,1375567,0.025039
Northeast,NH,2011,33266,1389653,0.023938
Northeast,NH,2012,32791,1400832,0.023408
Northeast,NH,2013,31917,1422911,0.022431
Northeast,NH,2014,34406,1380345,0.024926
Northeast,NH,2015,34754,1360341,0.025548
Northeast,NH,2016,34684,1368168,0.025351
Northeast,NH,2017,34790,1370055,0.025393
Northeast,NH,2018,32514,1382257,0.023522
Northeast,NJ,2000,264552,8461319,0.031266
Northeast,NJ,2001,253857,8531789,0.029754
Northeast,NJ,2002,248074,8638252,0.028718
Northeast,NJ,2003,239080,8688836,0.027516
Northeast,NJ,2004,242137,8750387,0.027672
Northeast,NJ,2005,238982,8770503,0.027248
Northeast,NJ,2006,241245,8774169,0.027495
Northeast,NJ,2007,232666,8734669,0.026637
Northeast,NJ,2008,234860,8726828,0.026912
Northeast,NJ,2009,234754,8761163,0.026795
Northeast,NJ,2010,216603,8852833,0.024467
Northeast,NJ,2011,207741,8878183,0.023399
Northeast,NJ,2012,204425,8925939,0.022902
Northeast,NJ,2013,189864,8974455,0.021156
Northeast,NJ,2014,192894,8995276,0.021444
Northeast,NJ,2015,175487,9014923,0.019466
Northeast,NJ,2016,191178,9005202,0.02123
Northeast,NJ,2017,183920,9066144,0.020286
Northeast,NJ,2018,166343,8968809,0.018547
West,NM,2000,39833,1830812,0.021757
West,NM,2001,32151,1840977,0.017464
West,NM,2002,41848,1866916,0.022416
West,NM,2003,41370,1892610,0.021859
West,NM,2004,51951,1922397,0.027024
West,NM,2005,47214,1947879,0.024239
West,NM,2006,39775,1960013,0.020293
West,NM,2007,46539,1975264,0.023561
West,NM,2008,51209,1989674,0.025737
West,NM,2009,58461,2016615,0.02899
West,NM,2010,63306,2062883,0.030688
West,NM,2011,63436,2085969,0.030411
West,NM,2012,58242,2089244,0.027877
West,NM,2013,46528,2090974,0.022252
West,NM,2014,44988,2091198,0.021513
West,NM,2015,56955,2090676,0.027242
West,NM,2016,55061,2188884,0.025155
West,NM,2017,26952,2195924,0.012274
West,NM,2018,42306,2100071,0.020145
West,NV,2000,91847,2003421,0.045845
West,NV,2001,93663,2112936,0.044328
West,NV,2002,94353,2180572,0.04327
West,NV,2003,85549,2247570,0.038063
West,NV,2004,92298,2341129,0.039425
West,NV,2005,95909,2421139,0.039613
West,NV,2006,101045,2502102,0.040384
West,NV,2007,108565,2571920,0.042212
West,NV,2008,110074,2606849,0.042225
West,NV,2009,116253,2649704,0.043874
West,NV,2010,99361,2707228,0.036702
West,NV,2011,92700,2730056,0.033955
West,NV,2012,93595,2765739,0.033841
West,NV,2013,77811,2796911,0.02782
West,NV,2014,78659,2845845,0.02764
West,NV,2015,74062,2897487,0.025561
West,NV,2016,76719,2946513,0.026037
West,NV,2017,89823,3004362,0.029898
West,NV,2018,84652,3040690,0.02784
Northeast,NY,2000,722937,20769343,0.034808
Northeast,NY,2001,714323,20795253,0.03435
Northeast,NY,2002,260339,20955239,0.012424
Northeast,NY,2003,219504,21018067,0.010444
Northeast,NY,2004,247169,21053780,0.01174
Northeast,NY,2005,261257,21085280,0.01239
Northeast,NY,2006,256414,21155940,0.01212
Northeast,NY,2007,258314,21141230,0.012218
Northeast,NY,2008,225704,21383787,0.010555
Northeast,NY,2009,269583,21490710,0.012544
Northeast,NY,2010,265218,21307462,0.012447
Northeast,NY,2011,240759,21413705,0.011243
Northeast,NY,2012,271663,21525230,0.012621
Northeast,NY,2013,253129,21600460,0.011719
Northeast,NY,2014,236070,21699212,0.010879
Northeast,NY,2015,231623,21755244,0.010647
Northeast,NY,2016,230608,21702264,0.010626
Northeast,NY,2017,224368,21791112,0.010296
Northeast,NY,2018,210800,21485794,0.009811
Midwest,OH,2000,217149,12196379,0.017804
Midwest,OH,2001,220415,12696455,0.01736
Midwest,OH,2002,196991,12337532,0.015967
Midwest,OH,2003,201194,12584218,0.015988
Midwest,OH,2004,215085,12924208,0.016642
Midwest,OH,2005,211117,12927046,0.016331
Midwest,OH,2006,204946,12925414,0.015856
Midwest,OH,2007,223121,12474602,0.017886
Midwest,OH,2008,232727,12679594,0.018354
Midwest,OH,2009,233036,12366052,0.018845
Midwest,OH,2010,220206,12613014,0.017459
Midwest,OH,2011,207899,12625257,0.016467
Midwest,OH,2012,202916,12788627,0.015867
Midwest,OH,2013,184540,12516774,0.014743
Midwest,OH,2014,198908,12382538,0.016064
Midwest,OH,2015,187783,12505309,0.015016
Midwest,OH,2016,185969,12147821,0.015309
Midwest,OH,2017,183167,11773974,0.015557
Midwest,OH,2018,176881,11853319,0.014922
South,OK,2000,127660,3498712,0.036488
South,OK,2001,119511,3512705,0.034022
South,OK,2002,123959,3544795,0.034969
South,OK,2003,128716,3566501,0.03609
South,OK,2004,124619,3579422,0.034815
South,OK,2005,114456,3607913,0.031724
South,OK,2006,110976,3644477,0.03045
South,OK,2007,122161,3683300,0.033166
South,OK,2008,125442,3783077,0.033159
South,OK,2009,120632,3788161,0.031844
South,OK,2010,115590,3901822,0.029625
South,OK,2011,107517,4340065,0.024773
South,OK,2012,100108,4208024,0.02379
South,OK,2013,97330,4034927,0.024122
South,OK,2014,98335,3981734,0.024697
South,OK,2015,93793,4068796,0.023052
South,OK,2016,97560,4113120,0.023719
South,OK,2017,90364,3990331,0.022646
South,OK,2018,83559,3991035,0.020937
West,OR,2000,117355,3513113,0.033405
West,OR,2001,120845,3677796,0.032858
West,OR,2002,98749,3778086,0.026137
West,OR,2003,118445,4036146,0.029346
West,OR,2004,144904,3798934,0.038143
West,OR,2005,135442,3888750,0.034829
West,OR,2006,126659,3750459,0.033772
West,OR,2007,129448,3797589,0.034087
West,OR,2008,128972,3944325,0.032698
West,OR,2009,116466,3883961,0.029986
West,OR,2010,117072,3891978,0.03008
West,OR,2011,116224,4043978,0.02874
West,OR,2012,117062,4002164,0.02925
West,OR,2013,48502,4394862,0.011036
West,OR,2014,72972,4220492,0.01729
West,OR,2015,68540,5644994,0.012142
West,OR,2016,93156,4407424,0.021136
West,OR,2017,85332,4276423,0.019954
West,OR,2018,89103,4328893,0.020583
Northeast,PA,2000,335376,12822219,0.026156
Northeast,PA,2001,358218,12815044,0.027953
Northeast,PA,2002,382025,12859638,0.029707
Northeast,PA,2003,373888,12888020,0.029011
Northeast,PA,2004,400673,12949082,0.030942
Northeast,PA,2005,401628,12970259,0.030965
Northeast,PA,2006,418475,13007252,0.032172
Northeast,PA,2007,419798,12977687,0.032348
Northeast,PA,2008,429359,12990337,0.033052
Northeast,PA,2009,405720,13188116,0.030764
Northeast,PA,2010,405617,13292628,0.030514
Northeast,PA,2011,390411,13336187,0.029275
Northeast,PA,2012,392426,13498837,0.029071
Northeast,PA,2013,379180,13593562,0.027894
Northeast,PA,2014,365879,13538815,0.027024
Northeast,PA,2015,344767,13575133,0.025397
Northeast,PA,2016,329421,13588521,0.024243
Northeast,PA,2017,329490,13602067,0.024224
Northeast,PA,2018,306969,13602353,0.022567
Northeast,RI,2000,23616,1054364,0.022398
Northeast,RI,2001,27462,1065026,0.025785
Northeast,RI,2002,26984,1075893,0.025081
Northeast,RI,2003,28180,1082476,0.026033
Northeast,RI,2004,43703,1730885,0.025249
Northeast,RI,2005,19812,1082452,0.018303
Northeast,RI,2006,23777,1073858,0.022142
Northeast,RI,2007,21056,1071645,0.019648
Northeast,RI,2008,23001,1056952,0.021762
Northeast,RI,2009,24662,1059442,0.023278
Northeast,RI,2010,23940,1058992,0.022606
Northeast,RI,2011,22274,1057719,0.021059
Northeast,RI,2012,21855,1062797,0.020564
Northeast,RI,2013,19416,1058087,0.01835
Northeast,RI,2014,19021,1061770,0.017914
Northeast,RI,2015,17549,1062954,0.01651
Northeast,RI,2016,17918,1063042,0.016855
Northeast,RI,2017,17811,1066209,0.016705
Northeast,RI,2018,17571,1063854,0.016516
South,SC,2000,183470,4075438,0.045018
South,SC,2001,143237,4208820,0.034033
South,SC,2002,176313,4153020,0.042454
South,SC,2003,168512,4168818,0.040422
South,SC,2004,178400,4218953,0.042285
South,SC,2005,183929,4283275,0.042941
South,SC,2006,176020,4365312,0.040322
South,SC,2007,179485,4432638,0.040492
South,SC,2008,140839,4512254,0.031213
South,SC,2009,168684,4605778,0.036624
South,SC,2010,168870,4656886,0.036262
South,SC,2011,155202,4712996,0.032931
South,SC,2012,159848,4765076,0.033546
South,SC,2013,156105,4841102,0.032246
South,SC,2014,147690,4953761,0.029814
South,SC,2015,138267,4996301,0.027674
South,SC,2016,135270,5000806,0.02705
South,SC,2017,140519,5067266,0.027731
South,SC,2018,140069,5108109,0.027421
Midwest,SD,2000,35426,892293,0.039702
Midwest,SD,2001,24890,879622,0.028296
Midwest,SD,2002,29970,864773,0.034656
Midwest,SD,2003,28421,790996,0.035931
Midwest,SD,2004,20752,1037079,0.02001
Midwest,SD,2005,13460,975882,0.013793
Midwest,SD,2006,16954,891668,0.019014
Midwest,SD,2007,22321,879248,0.025386
Midwest,SD,2008,26691,870399,0.030665
Midwest,SD,2009,28054,851167,0.032959
Midwest,SD,2010,27195,869545,0.031275
Midwest,SD,2011,27935,862783,0.032378
Midwest,SD,2012,29079,868319,0.033489
Midwest,SD,2013,29161,889111,0.032798
Midwest,SD,2014,28360,890914,0.031832
Midwest,SD,2015,37937,904563,0.04194
Midwest,SD,2016,42631,915036,0.046589
Midwest,SD,2017,48164,920420,0.052328
Midwest,SD,2018,30370,925617,0.032811
South,TN,2000,171119,6975748,0.024531
South,TN,2001,186081,5776399,0.032214
South,TN,2002,187492,5846822,0.032067
South,TN,2003,207919,5860993,0.035475
South,TN,2004,219508,5930723,0.037012
South,TN,2005,231852,5982851,0.038753
South,TN,2006,233014,6066037,0.038413
South,TN,2007,250451,6187477,0.040477
South,TN,2008,246934,6234944,0.039605
South,TN,2009,246571,6312836,0.039059
South,TN,2010,234724,6358616,0.036914
South,TN,2011,241942,6427298,0.037643
South,TN,2012,242188,6480488,0.037372
South,TN,2013,228277,6545789,0.034874
South,TN,2014,219332,6564098,0.033414
South,TN,2015,207221,6633096,0.03124
South,TN,2016,206619,6672636,0.030965
South,TN,2017,206361,6734436,0.030643
South,TN,2018,203175,6791112,0.029918
South,TX,2000,777210,21331542,0.036435
South,TX,2001,757775,22077389,0.034324
South,TX,2002,763841,22324720,0.034215
South,TX,2003,738478,23255987,0.031754
South,TX,2004,833788,23456410,0.035546
South,TX,2005,756220,23573260,0.03208
South,TX,2006,768647,23729637,0.032392
South,TX,2007,829978,24831499,0.033424
South,TX,2008,840626,24450847,0.03438
South,TX,2009,846800,25023506,0.03384
South,TX,2010,797431,25374450,0.031427
South,TX,2011,753927,25981583,0.029018
South,TX,2012,743805,26396356,0.028178
South,TX,2013,673390,26768445,0.025156
South,TX,2014,630298,27099860,0.023258
South,TX,2015,613574,27732574,0.022125
South,TX,2016,600790,28541812,0.021049
South,TX,2017,577103,28875406,0.019986
South,TX,2018,572117,29344001,0.019497
West,UT,2000,86200,2782205,0.030983
West,UT,2001,98422,2828786,0.034793
West,UT,2002,85601,2490530,0.034371
West,UT,2003,89072,2629027,0.03388
West,UT,2004,87764,2594974,0.033821
West,UT,2005,83611,2651281,0.031536
West,UT,2006,83857,2680566,0.031283
West,UT,2007,91032,2784251,0.032695
West,UT,2008,91158,2853750,0.031943
West,UT,2009,91408,2893460,0.031591
West,UT,2010,86632,2898381,0.02989
West,UT,2011,82353,3006086,0.027395
West,UT,2012,78612,3116384,0.025225
West,UT,2013,81653,3115565,0.026208
West,UT,2014,79402,3164784,0.025089
West,UT,2015,80161,3254306,0.024632
West,UT,2016,73682,3348840,0.022002
West,UT,2017,77633,3317709,0.0234
West,UT,2018,73965,3378732,0.021891
South,VA,2000,185969,7594667,0.024487
South,VA,2001,196867,7487243,0.026294
South,VA,2002,194729,7412994,0.026269
South,VA,2003,192195,7497272,0.025635
South,VA,2004,204654,7564043,0.027056
South,VA,2005,206823,7586902,0.027261
South,VA,2006,209968,7674172,0.02736
South,VA,2007,224361,7756385,0.028926
South,VA,2008,229810,7792837,0.02949
South,VA,2009,237643,7892821,0.030109
South,VA,2010,239378,8019821,0.029848
South,VA,2011,236285,8131479,0.029058
South,VA,2012,230560,8198021,0.028124
South,VA,2013,220098,8268226,0.02662
South,VA,2014,204022,8340544,0.024461
South,VA,2015,193150,8393335,0.023012
South,VA,2016,185571,8426807,0.022022
South,VA,2017,188973,8490110,0.022258
South,VA,2018,185228,8527392,0.021722
Northeast,VT,2000,11069,643372,0.017205
Northeast,VT,2001,11049,626916,0.017624
Northeast,VT,2002,11486,643491,0.01785
Northeast,VT,2003,11014,634356,0.017362
Northeast,VT,2004,12292,632382,0.019438
Northeast,VT,2005,12573,644422,0.019511
Northeast,VT,2006,14088,642446,0.021929
Northeast,VT,2007,12817,636935,0.020123
Northeast,VT,2008,12364,643859,0.019203
Northeast,VT,2009,12416,643464,0.019296
Northeast,VT,2010,10650,649837,0.016389
Northeast,VT,2011,11504,662475,0.017365
Northeast,VT,2012,11826,646251,0.018299
Northeast,VT,2013,10594,664028,0.015954
Northeast,VT,2014,8166,672570,0.012141
Northeast,VT,2015,8285,641500,0.012915
Northeast,VT,2016,8311,727124,0.01143
Northeast,VT,2017,9978,636517,0.015676
Northeast,VT,2018,9506,648985,0.014647
West,WA,2000,186217,6531953,0.028509
West,WA,2001,181719,6559514,0.027703
West,WA,2002,193087,6784428,0.02846
West,WA,2003,181056,6837702,0.026479
West,WA,2004,193035,6675969,0.028915
West,WA,2005,192970,6650825,0.029014
West,WA,2006,192722,6728669,0.028642
West,WA,2007,183161,6607047,0.027722
West,WA,2008,172910,7454445,0.023196
West,WA,2009,149530,7595143,0.019688
West,WA,2010,178340,8139532,0.02191
West,WA,2011,133785,8848353,0.01512
West,WA,2012,146527,7867658,0.018624
West,WA,2013,137693,7387839,0.018638
West,WA,2014,140814,7775814,0.018109
West,WA,2015,139243,8233032,0.016913
West,WA,2016,118757,7809836,0.015206
West,WA,2017,119846,7462444,0.01606
West,WA,2018,120210,7672168,0.015668
Midwest,WI,2001,70511,5539023,0.01273
Midwest,WI,2002,296950,5607403,0.052957
Midwest,WI,2003,343436,6212266,0.055284
Midwest,WI,2004,218519,5664697,0.038576
Midwest,WI,2005,240781,5749461,0.041879
Midwest,WI,2006,307684,5977346,0.051475
Midwest,WI,2007,315203,5956412,0.052918
Midwest,WI,2008,297667,5868836,0.05072
Midwest,WI,2009,265352,5792996,0.045806
Midwest,WI,2010,223130,5778815,0.038612
Midwest,WI,2011,225552,5876787,0.03838
Midwest,WI,2012,232318,5861922,0.039632
Midwest,WI,2013,212002,5900116,0.035932
Midwest,WI,2014,197820,5953664,0.033227
Midwest,WI,2015,183135,5886962,0.031109
Midwest,WI,2016,184014,5928153,0.031041
Midwest,WI,2017,180385,5908902,0.030528
Midwest,WI,2018,169262,5923923,0.028573
South,WV,2000,38385,2093659,0.018334
South,WV,2001,32178,1991395,0.016159
South,WV,2002,27794,2102032,0.013222
South,WV,2003,27767,2157001,0.012873
South,WV,2004,35746,1942283,0.018404
South,WV,2005,40660,1922933,0.021145
South,WV,2006,44227,1968780,0.022464
South,WV,2007,36830,2011429,0.01831
South,WV,2008,45221,1999737,0.022613
South,WV,2009,44839,2021090,0.022186
South,WV,2010,36188,2074366,0.017445
South,WV,2011,36568,2071365,0.017654
South,WV,2012,43069,1955015,0.02203
South,WV,2013,35959,1959523,0.018351
South,WV,2014,32439,2100227,0.015445
South,WV,2015,34636,2029107,0.01707
South,WV,2016,33083,1933369,0.017112
South,WV,2017,32382,1831045,0.017685
South,WV,2018,24499,1819975,0.013461
West,WY,2000,24050,499238,0.048173
West,WY,2001,24150,499886,0.048311
West,WY,2002,22427,504213,0.044479
West,WY,2003,21221,506879,0.041866
West,WY,2004,23367,512254,0.045616
West,WY,2005,24426,515094,0.04742
West,WY,2006,25189,521073,0.048341
West,WY,2007,27183,529131,0.051373
West,WY,2008,28980,539308,0.053736
West,WY,2009,27094,551287,0.049147
West,WY,2010,25272,570473,0.0443
West,WY,2011,23771,575060,0.041337
West,WY,2012,21329,584176,0.036511
West,WY,2013,21960,590427,0.037193
West,WY,2014,20336,591789,0.034364
West,WY,2015,20464,595889,0.034342
West,WY,2016,19497,595148,0.03276
West,WY,2017,19682,588905,0.033421
West,WY,2018,20360,588786,0.03458
